file_name,text
a1.png,Text recognition is a long standing research problem.
a2.png,Optical Character Recognition (OCR) is the electronic
a3.png,TrOCR is built up with the Transformer architecture.
a4.png,When loading the above models to the decoders
a5.png,The structures do not precisely match
a6.png,We use the text-recognition task for pre-training
a7.png,Except for the exerpiments regarding scene text recognition
a8.png,Six kinds of image transformations plus keeping the original.
a9.png,To build a large-scale high-quality dataset.
a10.png,We sample two million documents.
a11.png,We use 5247 handwritten texts to synthesize handwriting.
a12.png,Table 1 shows the results of combined models.
a13.png,From the results we observe that the BEiT encoders show
a14.png,For text recognition the most popular approaches.
a15.png,Apple has finally pulled its expensive car dreams
a16.png,The timing is good as its other ambitious reguire alot
a17.png,The Wall Street Journal reports
a18.png,Neither are terribly surprising moves
a19.png,The car effort has been underway for at least a decade
a20.png,with various starts ad stops but made little sense
a21.png,and powerful reasons to avoid lower margin business
a22.png,Generative AI meanwhile is the hottest thing in tech
a23.png,It is now the prime focus of Apple's big-tech competitors
a24.png,has turned chip maker Nvidia into third
a25.png,most valuable U.S. company -- behind Apple and Microsoft
a26.png,And Apple's perceived lagging in the AI race has
a27.png,Microsoft's shares have jumped 10%
a28.png,Making the company that once actually made the Windows phone
a29.png,about $280 billion more valuable than the company
a30.png,But even a cheaper Apple has no shortage of
a31.png,Meta Platforms spent on average on capex over
a32.png,the same period according to S&P Global Market Intelligence
a33.png,A smarter Siri might actually be worth buying
a34.png,California is living up to its reputation
a35.png,as the entertainment capitol of the world
a36.png,witness the political circus unfolding in Sacremento
a37.png,Democrats last autumn enacted a bill that raised the
a38.png,state minimum wage for fast-food workers to $20 an hour
a39.png,But what do you know
a40.png,The legislation carve out an odd exemption
a41.png,for restaurants that produce and sellbread
a42.png,which appears to cover only Panera and a couple of
a43.png,Bloomberg New reported this week that Mr. Newson
a44.png,According to our sources the Service Employees
a45.png,Exuberance is back in markets
a46.png,A frenzy over artifical-intelligence technology
a47.png,has stoked a monster run  in Nvidia technology
a48.png,Major stock indexes are clinching repeated records
a49.png,And even bitcoin is threatening to set a new high
a50.png,In times like these financial advisors caution clients
a51.png,not to let a fear of missing out drive decision-making
a52.png,They encourage them to diversify their holdings
a53.png,Nevertheless stock-market records ofteh happen in clusters
a54.png,with euphoria running high we talked to four everyday
a55.png,Sitting in cash is tempting but could be costly
a56.png,Among his recent stock purchases were Arbor Reality Trust
a57.png,The real estate lender's shares fell 15% this year
a58.png,But don't be afraid to have fun
a59.png,This year he has realloacted about one-third
a60.png,He bought shares of the small-cap focused iShares
a61.png,They're kind of like lottery tickets